{
  "hash": "8a801198",
  "configHash": "9aed66cd",
  "lockfileHash": "095e917b",
  "browserHash": "0282e2df",
  "optimized": {
    "@angular/common": {
      "src": "../../../../../../node_modules/@angular/common/fesm2022/common.mjs",
      "file": "@angular_common.js",
      "fileHash": "bff33194",
      "needsInterop": false
    },
    "@angular/core": {
      "src": "../../../../../../node_modules/@angular/core/fesm2022/core.mjs",
      "file": "@angular_core.js",
      "fileHash": "fe47516c",
      "needsInterop": false
    },
    "@angular/platform-browser": {
      "src": "../../../../../../node_modules/@angular/platform-browser/fesm2022/platform-browser.mjs",
      "file": "@angular_platform-browser.js",
      "fileHash": "c8f58424",
      "needsInterop": false
    },
    "@angular/router": {
      "src": "../../../../../../node_modules/@angular/router/fesm2022/router.mjs",
      "file": "@angular_router.js",
      "fileHash": "ca08a735",
      "needsInterop": false
    }
  },
  "chunks": {
    "chunk-IHEEXVRL": {
      "file": "chunk-IHEEXVRL.js"
    },
    "chunk-WWC5APFF": {
      "file": "chunk-WWC5APFF.js"
    },
    "chunk-I4AHI2R4": {
      "file": "chunk-I4AHI2R4.js"
    }
  }
}